INSERT INTO User (uid, name, email, phone_num) VALUES (1, 'Alice Davis', 'alicedavis@gmail.com', '604-989-5851');
INSERT INTO User (uid, name, email, phone_num) VALUES (2, 'Bob Richardson', 'bobrichardson@gmail.com', '604-661-4051');
INSERT INTO User (uid, name, email, phone_num) VALUES (3, 'Charlie Taylor', 'charlietaylor@gmail.com', '604-688-4901');
INSERT INTO User (uid, name, email, phone_num) VALUES (4, 'David Moore', 'davidmoore@gmail.com', '604-531-3197');
INSERT INTO User (uid, name, email, phone_num) VALUES (5, 'Eve Jackson', 'evejackson@gmail.com', '604-852-8640');
INSERT INTO User (uid, name, email, phone_num) VALUES (6, 'Fay Gonzales', 'faygonzales@gmail.com', '604-719-9083');
INSERT INTO User (uid, name, email, phone_num) VALUES (7, 'Grace Jones', 'gracejones@gmail.com', '604-479-1181');
INSERT INTO User (uid, name, email, phone_num) VALUES (8, 'Heidi Garcia', 'heidigarcia@gmail.com', '604-184-1708');
INSERT INTO User (uid, name, email, phone_num) VALUES (9, 'Ivan Martin', 'ivanmartin@gmail.com', '604-517-9024');
INSERT INTO User (uid, name, email, phone_num) VALUES (10, 'Judy Thompson', 'judythompson@gmail.com', '604-867-2428');
INSERT INTO User (uid, name, email, phone_num) VALUES (11, 'Liam Thorton', 'liamthorton@gmail.com', '604-821-2326');
INSERT INTO User (uid, name, email, phone_num) VALUES (12, 'Harry Mitchell', 'harrymitchell@gmail.com', '604-127-8931');
INSERT INTO User (uid, name, email, phone_num) VALUES (13, 'Callum Gordon', 'callumgordon@gmail.com', '604-192-9182');
INSERT INTO Item (iid, title, item_type, status, added_date, quantity) VALUES (1, 'The Hobbit', 'Book', 'Available', '2024-04-16', 13);
INSERT INTO Item (iid, title, item_type, status, added_date, quantity) VALUES (2, 'Lord of the Flies', 'Book', 'Available', '2024-01-18', 16);
INSERT INTO Item (iid, title, item_type, status, added_date, quantity) VALUES (3, 'The Jungle', 'Book', 'Available', '2024-04-29', 67);
INSERT INTO Item (iid, title, item_type, status, added_date, quantity) VALUES (4, 'Forbes', 'Magazine', 'Available', '2024-05-19', 94);
INSERT INTO Item (iid, title, item_type, status, added_date, quantity) VALUES (5, 'Effect of Oxygen on Plant Growth', 'Journal', 'Available', '2024-10-20', 12);
INSERT INTO Item (iid, title, item_type, status, added_date, quantity) VALUES (6, 'Thriller', 'CD', 'Unavailable', '2024-08-24', 0);
INSERT INTO Item (iid, title, item_type, status, added_date, quantity) VALUES (7, 'The Two Towers', 'Book', 'Available', '2024-06-14', 34);
INSERT INTO Item (iid, title, item_type, status, added_date, quantity) VALUES (8, 'The Dark Side of the Moon', 'CD', 'Available', '2024-02-18', 85);
INSERT INTO Item (iid, title, item_type, status, added_date, quantity) VALUES (9, 'GQ', 'Magazine', 'Available', '2024-03-24', 43);
INSERT INTO Item (iid, title, item_type, status, added_date, quantity) VALUES (10, 'The Hunger Games', 'Book', 'Available', '2024-03-26', 46);
INSERT INTO Record (rid, uid, iid, borrow_date, return_date, fine_amount) VALUES (1, 6, 2, '2025-02-13', '2025-03-13', 10);
INSERT INTO Record (rid, uid, iid, borrow_date, return_date, fine_amount) VALUES (2, 5, 6, '2025-03-17', '2025-04-17', 0);
INSERT INTO Record (rid, uid, iid, borrow_date, return_date, fine_amount) VALUES (3, 2, 3, '2025-03-15', '2025-04-15', 0);
INSERT INTO Record (rid, uid, iid, borrow_date, return_date, fine_amount) VALUES (4, 3, 6, '2025-01-07', '2025-02-07', 20);
INSERT INTO Record (rid, uid, iid, borrow_date, return_date, fine_amount) VALUES (5, 10, 4, '2025-03-11', '2025-04-11', 0);
INSERT INTO Record (rid, uid, iid, borrow_date, return_date, fine_amount) VALUES (6, 10, 6, '2024-11-29', '2024-12-29', 40);
INSERT INTO Record (rid, uid, iid, borrow_date, return_date, fine_amount) VALUES (7, 2, 3, '2025-02-03', '2025-03-03', 10);
INSERT INTO Record (rid, uid, iid, borrow_date, return_date, fine_amount) VALUES (8, 6, 2, '2025-03-27', '2025-04-27', 0);
INSERT INTO Record (rid, uid, iid, borrow_date, return_date, fine_amount) VALUES (9, 2, 7, '2025-02-09', '2025-03-09', 10);
INSERT INTO Record (rid, uid, iid, borrow_date, return_date, fine_amount) VALUES (10, 1, 10, '2025-03-19', '2025-04-19', 0);
INSERT INTO Event (eid, event_name, event_type, audience, date, room) VALUES (1, 'Wellness Workshop', 'Support', 'General', '2025-08-18', 'Room 174');
INSERT INTO Event (eid, event_name, event_type, audience, date, room) VALUES (2, 'Writing Session', 'Educational', 'General', '2025-07-13', 'Room 129');
INSERT INTO Event (eid, event_name, event_type, audience, date, room) VALUES (3, 'Story Time for Kids', 'Recreational', 'Youth', '2025-06-16', 'Room 110');
INSERT INTO Event (eid, event_name, event_type, audience, date, room) VALUES (4, 'Poetry Review', 'Educational', 'General', '2025-06-20', 'Room 179');
INSERT INTO Event (eid, event_name, event_type, audience, date, room) VALUES (5, 'Board Game Night', 'Recreational', 'Youth', '2025-08-09', 'Room 152');
INSERT INTO Event (eid, event_name, event_type, audience, date, room) VALUES (6, 'Author Workshop', 'Educational', 'Adult', '2025-04-17', 'Room 152');
INSERT INTO Event (eid, event_name, event_type, audience, date, room) VALUES (7, 'Wellness Workshop', 'Support', 'General', '2025-04-05', 'Room 113');
INSERT INTO Event (eid, event_name, event_type, audience, date, room) VALUES (8, 'Poetry Review', 'Educational', 'General', '2025-05-26', 'Room 133');
INSERT INTO Event (eid, event_name, event_type, audience, date, room) VALUES (9, 'Board Game Night', 'Recreational', 'Youth', '2025-07-05', 'Room 189');
INSERT INTO Event (eid, event_name, event_type, audience, date, room) VALUES (10, 'Author Workshop', 'Educational', 'Adult', '2025-05-30', 'Room 103');
INSERT INTO Personnel (pid, occupation, name, email, phone_number) VALUES (1, 'Librarian', 'Stacy Harris', 'stacyharris@learnlib.org', '604-835-9288');
INSERT INTO Personnel (pid, occupation, name, email, phone_number) VALUES (2, 'Assistant Librarian', 'Dylan Young', 'dylanyoung@learnlib.org', '604-910-7320');
INSERT INTO Personnel (pid, occupation, name, email, phone_number) VALUES (3, 'Archivist', 'Peter Allen', 'peterallen@learnlib.org', '604-839-4614');
INSERT INTO Personnel (pid, occupation, name, email, phone_number) VALUES (4, 'IT Specialist', 'Albert Lee', 'albertlee@learnlib.org', '604-356-2926');
INSERT INTO Personnel (pid, occupation, name, email, phone_number) VALUES (5, 'Volunteer Coordinator', 'Rachel King', 'rachelking@learnlib.org', '604-917-6464');
INSERT INTO Personnel (pid, occupation, name, email, phone_number) VALUES (6, 'Social Worker', 'Amy Hill', 'amyhill@learnlib.org', '604-912-2413');
INSERT INTO Personnel (pid, occupation, name, email, phone_number) VALUES (7, 'Events Manager', 'Roy Nguyen', 'roynguyen@learnlib.org', '604-262-6180');
INSERT INTO Personnel (pid, occupation, name, email, phone_number) VALUES (8, 'Technician', 'Bill Rivera', 'billrivera@learnlib.org', '604-767-7572');
INSERT INTO Personnel (pid, occupation, name, email, phone_number) VALUES (9, 'Assistant Librarian', 'Cameron Nelson', 'cameronnelson@learnlib.org', '604-648-9860');
INSERT INTO Personnel (pid, occupation, name, email, phone_number) VALUES (10, 'Janitor', 'Franklin Evans', 'franklinevans@learnlib.org', '604-501-3690');
INSERT INTO RegisterFor (uid, eid, register_date) VALUES (6, 10, '2025-02-21');
INSERT INTO RegisterFor (uid, eid, register_date) VALUES (9, 1, '2025-03-19');
INSERT INTO RegisterFor (uid, eid, register_date) VALUES (1, 8, '2025-02-25');
INSERT INTO RegisterFor (uid, eid, register_date) VALUES (1, 9, '2025-02-01');
INSERT INTO RegisterFor (uid, eid, register_date) VALUES (3, 1, '2025-01-04');
INSERT INTO RegisterFor (uid, eid, register_date) VALUES (5, 8, '2025-03-02');
INSERT INTO RegisterFor (uid, eid, register_date) VALUES (7, 10, '2025-03-12');
INSERT INTO RegisterFor (uid, eid, register_date) VALUES (6, 1, '2025-02-18');
INSERT INTO RegisterFor (uid, eid, register_date) VALUES (10, 1, '2025-01-17');
INSERT INTO Volunteer (vid, uid, total_hours, start_date) VALUES (1, 7, 9, '2024-09-13');
INSERT INTO Volunteer (vid, uid, total_hours, start_date) VALUES (2, 3, 33, '2024-10-23');
INSERT INTO Volunteer (vid, uid, total_hours, start_date) VALUES (3, 5, 7, '2024-11-03');
INSERT INTO Volunteer (vid, uid, total_hours, start_date) VALUES (4, 6, 16, '2023-05-16');
INSERT INTO Volunteer (vid, uid, total_hours, start_date) VALUES (5, 10, 24, '2024-03-27');
INSERT INTO Volunteer (vid, uid, total_hours, start_date) VALUES (6, 8, 12, '2024-10-04');
INSERT INTO Volunteer (vid, uid, total_hours, start_date) VALUES (7, 2, 37, '2023-02-02');
INSERT INTO Volunteer (vid, uid, total_hours, start_date) VALUES (8, 1, 13, '2024-06-21');
INSERT INTO Volunteer (vid, uid, total_hours, start_date) VALUES (9, 9, 8, '2025-03-06');
INSERT INTO Volunteer (vid, uid, total_hours, start_date) VALUES (10, 11, 7, '2023-11-20');
